EUROPEAN CLIMATE ASSESSMENT & DATASET (ECA&D), file created on 14-01-2024
THESE DATA CAN BE USED FREELY PROVIDED THAT THE FOLLOWING SOURCE IS ACKNOWLEDGED:

Klein Tank, A.M.G. and Coauthors, 2002. Daily dataset of 20th-century surface
air temperature and precipitation series for the European Climate Assessment.
Int. J. of Climatol., 22, 1441-1453.
Data and metadata available at http://www.ecad.eu

FILE FORMAT (MISSING VALUE CODE IS -9999):

01-06 SOUID: Source identifier
08-15 DATE : Date YYYYMMDD
17-21 FG   : wind speed in 0.1 m/s
23-27 Q_FG : Quality code for FG (0='valid'; 1='suspect'; 9='missing')

This is the series of GERMANY, HELGOLAND-DUENE (SOUID: 220808)
See file sources.txt for more info.


SOUID,DATE,FG,Q_FG
220808,20181201,   85,    0
220808,20181202,   80,    0
220808,20181203,   86,    0
220808,20181204,  105,    0
220808,20181205,   71,    0
220808,20181206,   81,    0
220808,20181207,   89,    0
220808,20181208,  121,    0
220808,20181209,  117,    0
220808,20181210,  144,    0
220808,20181211,   82,    0
220808,20181212,   63,    0
220808,20181213,   82,    0
220808,20181214,   73,    0
220808,20181215,   88,    0
220808,20181216,   89,    0
220808,20181217,   57,    0
220808,20181218,   78,    0
220808,20181219,   84,    0
220808,20181220,   70,    0
220808,20181221,   82,    0
220808,20181222,   50,    0
220808,20181223,   64,    0
220808,20181224,   72,    0
220808,20181225,   95,    0
220808,20181226,   75,    0
220808,20181227,   66,    0
220808,20181228,   56,    0
220808,20181229,   89,    0
220808,20181230,   75,    0
220808,20181231,   60,    0
220808,20190101,  141,    0
220808,20190102,   95,    0
220808,20190103,   58,    0
220808,20190104,   96,    0
220808,20190105,   92,    0
220808,20190106,   60,    0
220808,20190107,   80,    0
220808,20190108,  143,    0
220808,20190109,  128,    0
220808,20190110,   45,    0
220808,20190111,   80,    0
220808,20190112,   92,    0
220808,20190113,  111,    0
220808,20190114,  133,    0
220808,20190115,  103,    0
220808,20190116,   99,    0
220808,20190117,   94,    0
220808,20190118,   44,    0
220808,20190119,   47,    0
220808,20190120,   32,    0
220808,20190121,   52,    0
220808,20190122,   80,    0
220808,20190123,   51,    0
220808,20190124,   40,    0
220808,20190125,   58,    0
220808,20190126,   56,    0
220808,20190127,   68,    0
220808,20190128,   72,    0
220808,20190129,   75,    0
220808,20190130,   94,    0
220808,20190131,   71,    0
220808,20190201,  100,    0
220808,20190202,   57,    0
220808,20190203,   61,    0
220808,20190204,  108,    0
220808,20190205,   71,    0
220808,20190206,   73,    0
220808,20190207,   91,    0
220808,20190208,   94,    0
220808,20190209,  118,    0
220808,20190210,   76,    0
220808,20190211,  108,    0
220808,20190212,   69,    0
220808,20190213,   73,    0
220808,20190214,   52,    0
220808,20190215,   37,    0
220808,20190216,   61,    0
220808,20190217,   45,    0
220808,20190218,   41,    0
220808,20190219,   75,    0
220808,20190220,   64,    0
220808,20190221,-9999,    9
220808,20190222,-9999,    9
220808,20190223,-9999,    9
220808,20190224,-9999,    9
220808,20190225,-9999,    9
220808,20190226,-9999,    9
220808,20190227,-9999,    9
220808,20190228,-9999,    9
220808,20190301,-9999,    9
220808,20190302,-9999,    9
220808,20190303,-9999,    9
220808,20190304,-9999,    9
220808,20190305,-9999,    9
220808,20190306,-9999,    9
220808,20190307,-9999,    9
220808,20190308,-9999,    9
220808,20190309,-9999,    9
220808,20190310,-9999,    9
220808,20190311,-9999,    9
220808,20190312,-9999,    9
220808,20190313,-9999,    9
220808,20190314,-9999,    9
220808,20190315,  107,    0
220808,20190316,-9999,    9
220808,20190317,-9999,    9
220808,20190318,-9999,    9
220808,20190319,-9999,    9
220808,20190320,-9999,    9
220808,20190321,-9999,    9
220808,20190322,   34,    0
220808,20190323,   43,    0
220808,20190324,   44,    0
220808,20190325,   92,    0
220808,20190326,   72,    0
220808,20190327,   66,    0
220808,20190328,   43,    0
220808,20190329,   39,    0
220808,20190330,   40,    0
220808,20190331,   67,    0
220808,20190401,   62,    0
220808,20190402,   75,    0
220808,20190403,   30,    0
220808,20190404,   32,    0
220808,20190405,   54,    0
220808,20190406,   43,    0
220808,20190407,   37,    0
220808,20190408,   63,    0
220808,20190409,   72,    0
220808,20190410,   77,    0
220808,20190411,   54,    0
220808,20190412,   59,    0
220808,20190413,   90,    0
220808,20190414,   88,    0
220808,20190415,   92,    0
220808,20190416,   99,    0
220808,20190417,   83,    0
220808,20190418,   72,    0
220808,20190419,   62,    0
220808,20190420,   40,    0
220808,20190421,   42,    0
220808,20190422,   76,    0
220808,20190423,  101,    0
220808,20190424,   80,    0
220808,20190425,   47,    0
220808,20190426,   40,    0
220808,20190427,   36,    0
220808,20190428,   32,    0
220808,20190429,   56,    0
220808,20190430,   53,    0
220808,20190501,   74,    0
220808,20190502,   89,    0
220808,20190503,   93,    0
220808,20190504,   84,    0
220808,20190505,   72,    0
220808,20190506,   83,    0
220808,20190507,   48,    0
220808,20190508,   56,    0
220808,20190509,   39,    0
220808,20190510,   53,    0
220808,20190511,   55,    0
220808,20190512,   78,    0
220808,20190513,   65,    0
220808,20190514,   52,    0
220808,20190515,   38,    0
220808,20190516,   59,    0
220808,20190517,   71,    0
220808,20190518,   58,    0
220808,20190519,   47,    0
220808,20190520,   41,    0
220808,20190521,   73,    0
220808,20190522,   67,    0
220808,20190523,   43,    0
220808,20190524,   58,    0
220808,20190525,   51,    0
220808,20190526,   75,    0
220808,20190527,   78,    0
220808,20190528,   51,    0
220808,20190529,   46,    0
220808,20190530,   74,    0
220808,20190531,   59,    0
220808,20190601,   45,    0
220808,20190602,   42,    0
220808,20190603,   36,    0
220808,20190604,   53,    0
220808,20190605,   51,    0
220808,20190606,   56,    0
220808,20190607,   42,    0
220808,20190608,   95,    0
220808,20190609,   48,    0
220808,20190610,   71,    0
220808,20190611,   48,    0
220808,20190612,   35,    0
220808,20190613,   40,    0
220808,20190614,   36,    0
220808,20190615,   49,    0
220808,20190616,   28,    0
220808,20190617,   37,    0
220808,20190618,   25,    0
220808,20190619,   30,    0
220808,20190620,   38,    0
220808,20190621,   36,    0
220808,20190622,   34,    0
220808,20190623,   65,    0
220808,20190624,   76,    0
220808,20190625,   53,    0
220808,20190626,   65,    0
220808,20190627,   78,    0
220808,20190628,   39,    0
220808,20190629,   25,    0
220808,20190630,   61,    0
220808,20190701,   76,    0
220808,20190702,   89,    0
220808,20190703,   74,    0
220808,20190704,   81,    0
220808,20190705,   73,    0
220808,20190706,   79,    0
220808,20190707,   87,    0
220808,20190708,   72,    0
220808,20190709,   76,    0
220808,20190710,   43,    0
220808,20190711,   37,    0
220808,20190712,   51,    0
220808,20190713,   68,    0
220808,20190714,   64,    0
220808,20190715,   77,    0
220808,20190716,   73,    0
220808,20190717,   24,    0
220808,20190718,   36,    0
220808,20190719,   33,    0
220808,20190720,   45,    0
220808,20190721,   59,    0
220808,20190722,   56,    0
220808,20190723,   32,    0
220808,20190724,   55,    0
220808,20190725,   53,    0
220808,20190726,   73,    0
220808,20190727,   91,    0
220808,20190728,   64,    0
220808,20190729,   36,    0
220808,20190730,   28,    0
220808,20190731,   42,    0
220808,20190801,   36,    0
220808,20190802,   31,    0
220808,20190803,   37,    0
220808,20190804,   25,    0
220808,20190805,   37,    0
220808,20190806,   44,    0
220808,20190807,   50,    0
220808,20190808,   70,    0
220808,20190809,   52,    0
220808,20190810,   90,    0
220808,20190811,   84,    0
220808,20190812,   73,    0
220808,20190813,   51,    0
220808,20190814,   51,    0
220808,20190815,   74,    0
220808,20190816,   53,    0
220808,20190817,   69,    0
220808,20190818,   61,    0
220808,20190819,   79,    0
220808,20190820,   54,    0
220808,20190821,   36,    0
220808,20190822,   45,    0
220808,20190823,   39,    0
220808,20190824,   51,    0
220808,20190825,   44,    0
220808,20190826,   25,    0
220808,20190827,   41,    0
220808,20190828,   37,    0
220808,20190829,   46,    0
220808,20190830,   37,    0
220808,20190831,   32,    0
220808,20190901,   60,    0
220808,20190902,   65,    0
220808,20190903,   82,    0
220808,20190904,   81,    0
220808,20190905,   99,    0
220808,20190906,   98,    0
220808,20190907,   50,    0
220808,20190908,   33,    0
220808,20190909,   33,    0
220808,20190910,   74,    0
220808,20190911,   91,    0
220808,20190912,   68,    0
220808,20190913,   78,    0
220808,20190914,   48,    0
220808,20190915,   94,    0
220808,20190916,   63,    0
220808,20190917,  122,    0
220808,20190918,  101,    0
220808,20190919,   60,    0
220808,20190920,   43,    0
220808,20190921,   36,    0
220808,20190922,   66,    0
220808,20190923,   42,    0
220808,20190924,   48,    0
220808,20190925,   34,    0
220808,20190926,   58,    0
220808,20190927,   76,    0
220808,20190928,  103,    0
220808,20190929,   85,    0
220808,20190930,  102,    0
220808,20191001,   55,    0
220808,20191002,   93,    0
220808,20191003,   39,    0
220808,20191004,   69,    0
220808,20191005,   78,    0
220808,20191006,  101,    0
220808,20191007,   61,    0
220808,20191008,   86,    0
220808,20191009,   88,    0
220808,20191010,   98,    0
220808,20191011,  128,    0
220808,20191012,   85,    0
220808,20191013,   67,    0
220808,20191014,   73,    0
220808,20191015,   52,    0
220808,20191016,   53,    0
220808,20191017,   57,    0
220808,20191018,   83,    0
220808,20191019,   86,    0
220808,20191020,   42,    0
220808,20191021,   65,    0
220808,20191022,   65,    0
220808,20191023,   50,    0
220808,20191024,   61,    0
220808,20191025,  100,    0
220808,20191026,  115,    0
220808,20191027,  113,    0
220808,20191028,   79,    0
220808,20191029,   47,    0
220808,20191030,   27,    0
220808,20191031,   35,    0
220808,20191101,   60,    0
220808,20191102,   74,    0
220808,20191103,   65,    0
220808,20191104,   48,    0
220808,20191105,   61,    0
220808,20191106,   32,    0
220808,20191107,   74,    0
220808,20191108,   56,    0
220808,20191109,   39,    0
220808,20191110,   75,    0
220808,20191111,   86,    0
220808,20191112,  109,    0
220808,20191113,   93,    0
220808,20191114,   74,    0
220808,20191115,  110,    0
220808,20191116,   69,    0
220808,20191117,-9999,    9
220808,20191118,-9999,    9
220808,20191119,-9999,    9
220808,20191120,-9999,    9
220808,20191121,-9999,    9
220808,20191122,-9999,    9
220808,20191123,-9999,    9
220808,20191124,-9999,    9
220808,20191125,-9999,    9
220808,20191126,-9999,    9
220808,20191127,-9999,    9
220808,20191128,-9999,    9
220808,20191129,-9999,    9
220808,20191130,-9999,    9
220808,20191201,-9999,    9
220808,20191202,-9999,    9
220808,20191203,-9999,    9
220808,20191204,-9999,    9
220808,20191205,-9999,    9
220808,20191206,-9999,    9
220808,20191207,-9999,    9
220808,20191208,-9999,    9
220808,20191209,-9999,    9
220808,20191210,-9999,    9
220808,20191211,-9999,    9
220808,20191212,-9999,    9
220808,20191213,-9999,    9
220808,20191214,-9999,    9
220808,20191215,-9999,    9
220808,20191216,-9999,    9
220808,20191217,-9999,    9
220808,20191218,-9999,    9
220808,20191219,-9999,    9
220808,20191220,-9999,    9
220808,20191221,-9999,    9
220808,20191222,-9999,    9
220808,20191223,-9999,    9
220808,20191224,-9999,    9
220808,20191225,-9999,    9
220808,20191226,-9999,    9
220808,20191227,-9999,    9
220808,20191228,-9999,    9
220808,20191229,-9999,    9
220808,20191230,-9999,    9
220808,20191231,-9999,    9
220808,20200101,-9999,    9
220808,20200102,-9999,    9
220808,20200103,-9999,    9
220808,20200104,-9999,    9
220808,20200105,-9999,    9
220808,20200106,-9999,    9
220808,20200107,-9999,    9
220808,20200108,-9999,    9
220808,20200109,-9999,    9
220808,20200110,-9999,    9
220808,20200111,-9999,    9
220808,20200112,-9999,    9
220808,20200113,-9999,    9
220808,20200114,-9999,    9
220808,20200115,-9999,    9
220808,20200116,-9999,    9
220808,20200117,-9999,    9
220808,20200118,-9999,    9
220808,20200119,-9999,    9
220808,20200120,-9999,    9
220808,20200121,-9999,    9
220808,20200122,-9999,    9
220808,20200123,-9999,    9
220808,20200124,-9999,    9
220808,20200125,-9999,    9
220808,20200126,-9999,    9
220808,20200127,-9999,    9
220808,20200128,-9999,    9
220808,20200129,-9999,    9
220808,20200130,-9999,    9
220808,20200131,-9999,    9
220808,20200201,-9999,    9
220808,20200202,-9999,    9
220808,20200203,-9999,    9
220808,20200204,-9999,    9
220808,20200205,-9999,    9
220808,20200206,-9999,    9
220808,20200207,-9999,    9
220808,20200208,-9999,    9
220808,20200209,-9999,    9
220808,20200210,-9999,    9
220808,20200211,-9999,    9
220808,20200212,-9999,    9
220808,20200213,-9999,    9
220808,20200214,-9999,    9
220808,20200215,-9999,    9
220808,20200216,-9999,    9
220808,20200217,-9999,    9
220808,20200218,-9999,    9
220808,20200219,-9999,    9
220808,20200220,-9999,    9
220808,20200221,-9999,    9
220808,20200222,-9999,    9
220808,20200223,-9999,    9
220808,20200224,-9999,    9
220808,20200225,-9999,    9
220808,20200226,-9999,    9
220808,20200227,-9999,    9
220808,20200228,-9999,    9
220808,20200229,-9999,    9
220808,20200301,-9999,    9
220808,20200302,-9999,    9
220808,20200303,-9999,    9
220808,20200304,-9999,    9
220808,20200305,-9999,    9
220808,20200306,-9999,    9
220808,20200307,-9999,    9
220808,20200308,-9999,    9
220808,20200309,-9999,    9
220808,20200310,-9999,    9
220808,20200311,-9999,    9
220808,20200312,-9999,    9
220808,20200313,-9999,    9
220808,20200314,-9999,    9
220808,20200315,-9999,    9
220808,20200316,-9999,    9
220808,20200317,-9999,    9
220808,20200318,-9999,    9
220808,20200319,-9999,    9
220808,20200320,-9999,    9
220808,20200321,-9999,    9
220808,20200322,-9999,    9
220808,20200323,-9999,    9
220808,20200324,-9999,    9
220808,20200325,-9999,    9
220808,20200326,-9999,    9
220808,20200327,-9999,    9
220808,20200328,-9999,    9
220808,20200329,-9999,    9
220808,20200330,-9999,    9
220808,20200331,-9999,    9
220808,20200401,-9999,    9
220808,20200402,-9999,    9
220808,20200403,-9999,    9
220808,20200404,-9999,    9
220808,20200405,-9999,    9
220808,20200406,-9999,    9
220808,20200407,-9999,    9
220808,20200408,-9999,    9
220808,20200409,-9999,    9
220808,20200410,-9999,    9
220808,20200411,-9999,    9
220808,20200412,-9999,    9
220808,20200413,-9999,    9
220808,20200414,-9999,    9
220808,20200415,-9999,    9
220808,20200416,-9999,    9
220808,20200417,-9999,    9
220808,20200418,-9999,    9
220808,20200419,-9999,    9
220808,20200420,-9999,    9
220808,20200421,-9999,    9
220808,20200422,-9999,    9
220808,20200423,-9999,    9
220808,20200424,-9999,    9
220808,20200425,-9999,    9
220808,20200426,-9999,    9
220808,20200427,-9999,    9
220808,20200428,-9999,    9
220808,20200429,-9999,    9
220808,20200430,-9999,    9
220808,20200501,-9999,    9
220808,20200502,-9999,    9
220808,20200503,-9999,    9
220808,20200504,-9999,    9
220808,20200505,-9999,    9
220808,20200506,-9999,    9
220808,20200507,-9999,    9
220808,20200508,-9999,    9
220808,20200509,-9999,    9
220808,20200510,-9999,    9
220808,20200511,-9999,    9
220808,20200512,-9999,    9
220808,20200513,-9999,    9
220808,20200514,-9999,    9
220808,20200515,-9999,    9
220808,20200516,-9999,    9
220808,20200517,-9999,    9
220808,20200518,-9999,    9
220808,20200519,-9999,    9
220808,20200520,-9999,    9
220808,20200521,-9999,    9
220808,20200522,-9999,    9
220808,20200523,-9999,    9
220808,20200524,-9999,    9
220808,20200525,-9999,    9
220808,20200526,-9999,    9
220808,20200527,-9999,    9
220808,20200528,-9999,    9
220808,20200529,-9999,    9
220808,20200530,-9999,    9
220808,20200531,-9999,    9
220808,20200601,-9999,    9
220808,20200602,-9999,    9
220808,20200603,-9999,    9
220808,20200604,-9999,    9
220808,20200605,-9999,    9
220808,20200606,-9999,    9
220808,20200607,-9999,    9
220808,20200608,-9999,    9
220808,20200609,-9999,    9
220808,20200610,-9999,    9
220808,20200611,-9999,    9
220808,20200612,-9999,    9
220808,20200613,-9999,    9
220808,20200614,-9999,    9
220808,20200615,-9999,    9
220808,20200616,-9999,    9
220808,20200617,-9999,    9
220808,20200618,-9999,    9
220808,20200619,-9999,    9
220808,20200620,-9999,    9
220808,20200621,-9999,    9
220808,20200622,-9999,    9
220808,20200623,-9999,    9
220808,20200624,-9999,    9
220808,20200625,-9999,    9
220808,20200626,-9999,    9
220808,20200627,-9999,    9
220808,20200628,-9999,    9
220808,20200629,-9999,    9
220808,20200630,-9999,    9
220808,20200701,-9999,    9
220808,20200702,-9999,    9
220808,20200703,-9999,    9
220808,20200704,-9999,    9
220808,20200705,-9999,    9
220808,20200706,-9999,    9
220808,20200707,-9999,    9
220808,20200708,-9999,    9
220808,20200709,-9999,    9
220808,20200710,-9999,    9
220808,20200711,-9999,    9
220808,20200712,-9999,    9
220808,20200713,-9999,    9
220808,20200714,-9999,    9
220808,20200715,-9999,    9
220808,20200716,-9999,    9
220808,20200717,-9999,    9
220808,20200718,-9999,    9
220808,20200719,-9999,    9
220808,20200720,-9999,    9
220808,20200721,-9999,    9
220808,20200722,-9999,    9
220808,20200723,-9999,    9
220808,20200724,-9999,    9
220808,20200725,-9999,    9
220808,20200726,-9999,    9
220808,20200727,-9999,    9
220808,20200728,-9999,    9
220808,20200729,-9999,    9
220808,20200730,-9999,    9
220808,20200731,-9999,    9
220808,20200801,-9999,    9
220808,20200802,-9999,    9
220808,20200803,-9999,    9
220808,20200804,-9999,    9
220808,20200805,-9999,    9
220808,20200806,-9999,    9
220808,20200807,-9999,    9
220808,20200808,-9999,    9
220808,20200809,-9999,    9
220808,20200810,-9999,    9
220808,20200811,-9999,    9
220808,20200812,-9999,    9
220808,20200813,-9999,    9
220808,20200814,-9999,    9
220808,20200815,-9999,    9
220808,20200816,-9999,    9
220808,20200817,-9999,    9
220808,20200818,-9999,    9
220808,20200819,-9999,    9
220808,20200820,-9999,    9
220808,20200821,-9999,    9
220808,20200822,-9999,    9
220808,20200823,-9999,    9
220808,20200824,-9999,    9
220808,20200825,-9999,    9
220808,20200826,-9999,    9
220808,20200827,-9999,    9
220808,20200828,-9999,    9
220808,20200829,-9999,    9
220808,20200830,-9999,    9
220808,20200831,-9999,    9
220808,20200901,-9999,    9
220808,20200902,-9999,    9
220808,20200903,-9999,    9
220808,20200904,-9999,    9
220808,20200905,-9999,    9
220808,20200906,-9999,    9
220808,20200907,-9999,    9
220808,20200908,-9999,    9
220808,20200909,-9999,    9
220808,20200910,-9999,    9
220808,20200911,-9999,    9
220808,20200912,-9999,    9
220808,20200913,-9999,    9
220808,20200914,-9999,    9
220808,20200915,-9999,    9
220808,20200916,-9999,    9
220808,20200917,-9999,    9
220808,20200918,-9999,    9
220808,20200919,-9999,    9
220808,20200920,-9999,    9
220808,20200921,-9999,    9
220808,20200922,-9999,    9
220808,20200923,-9999,    9
220808,20200924,-9999,    9
220808,20200925,-9999,    9
220808,20200926,-9999,    9
220808,20200927,-9999,    9
220808,20200928,-9999,    9
220808,20200929,-9999,    9
220808,20200930,-9999,    9
220808,20201001,-9999,    9
220808,20201002,-9999,    9
220808,20201003,-9999,    9
220808,20201004,-9999,    9
220808,20201005,-9999,    9
220808,20201006,-9999,    9
220808,20201007,-9999,    9
220808,20201008,-9999,    9
220808,20201009,-9999,    9
220808,20201010,-9999,    9
220808,20201011,-9999,    9
220808,20201012,-9999,    9
220808,20201013,-9999,    9
220808,20201014,-9999,    9
220808,20201015,-9999,    9
220808,20201016,-9999,    9
220808,20201017,-9999,    9
220808,20201018,-9999,    9
220808,20201019,-9999,    9
220808,20201020,-9999,    9
220808,20201021,-9999,    9
220808,20201022,-9999,    9
220808,20201023,-9999,    9
220808,20201024,-9999,    9
220808,20201025,-9999,    9
220808,20201026,-9999,    9
220808,20201027,-9999,    9
220808,20201028,-9999,    9
220808,20201029,-9999,    9
220808,20201030,-9999,    9
220808,20201031,-9999,    9
220808,20201101,-9999,    9
220808,20201102,-9999,    9
220808,20201103,-9999,    9
220808,20201104,-9999,    9
220808,20201105,-9999,    9
220808,20201106,-9999,    9
220808,20201107,-9999,    9
220808,20201108,-9999,    9
220808,20201109,-9999,    9
220808,20201110,-9999,    9
220808,20201111,-9999,    9
220808,20201112,-9999,    9
220808,20201113,-9999,    9
220808,20201114,-9999,    9
220808,20201115,-9999,    9
220808,20201116,-9999,    9
220808,20201117,-9999,    9
220808,20201118,-9999,    9
220808,20201119,-9999,    9
220808,20201120,-9999,    9
220808,20201121,-9999,    9
220808,20201122,-9999,    9
220808,20201123,-9999,    9
220808,20201124,-9999,    9
220808,20201125,-9999,    9
220808,20201126,-9999,    9
220808,20201127,-9999,    9
220808,20201128,-9999,    9
220808,20201129,-9999,    9
220808,20201130,-9999,    9
220808,20201201,-9999,    9
220808,20201202,-9999,    9
220808,20201203,-9999,    9
220808,20201204,-9999,    9
220808,20201205,-9999,    9
220808,20201206,-9999,    9
220808,20201207,-9999,    9
220808,20201208,-9999,    9
220808,20201209,-9999,    9
220808,20201210,-9999,    9
220808,20201211,-9999,    9
220808,20201212,-9999,    9
220808,20201213,-9999,    9
220808,20201214,-9999,    9
220808,20201215,-9999,    9
220808,20201216,-9999,    9
220808,20201217,-9999,    9
220808,20201218,-9999,    9
220808,20201219,-9999,    9
220808,20201220,-9999,    9
220808,20201221,-9999,    9
220808,20201222,-9999,    9
220808,20201223,-9999,    9
220808,20201224,-9999,    9
220808,20201225,-9999,    9
220808,20201226,-9999,    9
220808,20201227,-9999,    9
220808,20201228,-9999,    9
220808,20201229,-9999,    9
220808,20201230,-9999,    9
220808,20201231,-9999,    9
220808,20210101,-9999,    9
220808,20210102,-9999,    9
220808,20210103,-9999,    9
220808,20210104,-9999,    9
220808,20210105,-9999,    9
220808,20210106,-9999,    9
220808,20210107,-9999,    9
220808,20210108,-9999,    9
220808,20210109,-9999,    9
220808,20210110,-9999,    9
220808,20210111,-9999,    9
220808,20210112,-9999,    9
220808,20210113,-9999,    9
220808,20210114,-9999,    9
220808,20210115,-9999,    9
220808,20210116,-9999,    9
220808,20210117,-9999,    9
220808,20210118,-9999,    9
220808,20210119,-9999,    9
220808,20210120,-9999,    9
220808,20210121,-9999,    9
220808,20210122,-9999,    9
220808,20210123,-9999,    9
220808,20210124,-9999,    9
220808,20210125,-9999,    9
220808,20210126,-9999,    9
220808,20210127,-9999,    9
220808,20210128,-9999,    9
220808,20210129,-9999,    9
220808,20210130,-9999,    9
220808,20210131,-9999,    9
220808,20210201,-9999,    9
220808,20210202,-9999,    9
220808,20210203,-9999,    9
220808,20210204,-9999,    9
220808,20210205,-9999,    9
220808,20210206,-9999,    9
220808,20210207,-9999,    9
220808,20210208,-9999,    9
220808,20210209,-9999,    9
220808,20210210,-9999,    9
220808,20210211,-9999,    9
220808,20210212,-9999,    9
220808,20210213,-9999,    9
220808,20210214,-9999,    9
220808,20210215,-9999,    9
220808,20210216,-9999,    9
220808,20210217,-9999,    9
220808,20210218,-9999,    9
220808,20210219,-9999,    9
220808,20210220,-9999,    9
220808,20210221,-9999,    9
220808,20210222,-9999,    9
220808,20210223,-9999,    9
220808,20210224,-9999,    9
220808,20210225,-9999,    9
220808,20210226,-9999,    9
220808,20210227,-9999,    9
220808,20210228,-9999,    9
220808,20210301,-9999,    9
220808,20210302,-9999,    9
220808,20210303,-9999,    9
220808,20210304,-9999,    9
220808,20210305,-9999,    9
220808,20210306,-9999,    9
220808,20210307,-9999,    9
220808,20210308,-9999,    9
220808,20210309,-9999,    9
220808,20210310,-9999,    9
220808,20210311,-9999,    9
220808,20210312,-9999,    9
220808,20210313,-9999,    9
220808,20210314,-9999,    9
220808,20210315,-9999,    9
220808,20210316,-9999,    9
220808,20210317,-9999,    9
220808,20210318,-9999,    9
220808,20210319,-9999,    9
220808,20210320,-9999,    9
220808,20210321,-9999,    9
220808,20210322,-9999,    9
220808,20210323,-9999,    9
220808,20210324,-9999,    9
220808,20210325,-9999,    9
220808,20210326,-9999,    9
220808,20210327,-9999,    9
220808,20210328,-9999,    9
220808,20210329,-9999,    9
220808,20210330,-9999,    9
220808,20210331,-9999,    9
220808,20210401,-9999,    9
220808,20210402,-9999,    9
220808,20210403,-9999,    9
220808,20210404,-9999,    9
220808,20210405,-9999,    9
220808,20210406,-9999,    9
220808,20210407,-9999,    9
220808,20210408,-9999,    9
220808,20210409,-9999,    9
220808,20210410,-9999,    9
220808,20210411,-9999,    9
220808,20210412,-9999,    9
220808,20210413,-9999,    9
220808,20210414,-9999,    9
220808,20210415,-9999,    9
220808,20210416,-9999,    9
220808,20210417,-9999,    9
220808,20210418,-9999,    9
220808,20210419,-9999,    9
220808,20210420,-9999,    9
220808,20210421,-9999,    9
220808,20210422,-9999,    9
220808,20210423,-9999,    9
220808,20210424,-9999,    9
220808,20210425,-9999,    9
220808,20210426,-9999,    9
220808,20210427,-9999,    9
220808,20210428,-9999,    9
220808,20210429,-9999,    9
220808,20210430,-9999,    9
220808,20210501,-9999,    9
220808,20210502,-9999,    9
220808,20210503,-9999,    9
220808,20210504,-9999,    9
220808,20210505,-9999,    9
220808,20210506,-9999,    9
220808,20210507,-9999,    9
220808,20210508,-9999,    9
220808,20210509,-9999,    9
220808,20210510,-9999,    9
220808,20210511,-9999,    9
220808,20210512,-9999,    9
220808,20210513,-9999,    9
220808,20210514,-9999,    9
220808,20210515,-9999,    9
220808,20210516,-9999,    9
220808,20210517,-9999,    9
220808,20210518,-9999,    9
220808,20210519,-9999,    9
220808,20210520,-9999,    9
220808,20210521,-9999,    9
220808,20210522,-9999,    9
220808,20210523,-9999,    9
220808,20210524,-9999,    9
220808,20210525,-9999,    9
220808,20210526,-9999,    9
220808,20210527,-9999,    9
220808,20210528,-9999,    9
220808,20210529,-9999,    9
220808,20210530,-9999,    9
220808,20210531,-9999,    9
220808,20210601,-9999,    9
220808,20210602,-9999,    9
220808,20210603,-9999,    9
220808,20210604,-9999,    9
220808,20210605,-9999,    9
220808,20210606,-9999,    9
220808,20210607,-9999,    9
220808,20210608,-9999,    9
220808,20210609,-9999,    9
220808,20210610,-9999,    9
220808,20210611,-9999,    9
220808,20210612,-9999,    9
220808,20210613,-9999,    9
220808,20210614,-9999,    9
220808,20210615,-9999,    9
220808,20210616,-9999,    9
220808,20210617,-9999,    9
220808,20210618,-9999,    9
220808,20210619,-9999,    9
220808,20210620,-9999,    9
220808,20210621,-9999,    9
220808,20210622,-9999,    9
220808,20210623,-9999,    9
220808,20210624,-9999,    9
220808,20210625,-9999,    9
220808,20210626,-9999,    9
220808,20210627,-9999,    9
220808,20210628,-9999,    9
220808,20210629,-9999,    9
220808,20210630,-9999,    9
220808,20210701,-9999,    9
220808,20210702,-9999,    9
220808,20210703,-9999,    9
220808,20210704,-9999,    9
220808,20210705,-9999,    9
220808,20210706,-9999,    9
220808,20210707,-9999,    9
220808,20210708,-9999,    9
220808,20210709,-9999,    9
220808,20210710,-9999,    9
220808,20210711,-9999,    9
220808,20210712,-9999,    9
220808,20210713,-9999,    9
220808,20210714,-9999,    9
220808,20210715,-9999,    9
220808,20210716,-9999,    9
220808,20210717,-9999,    9
220808,20210718,-9999,    9
220808,20210719,-9999,    9
220808,20210720,-9999,    9
220808,20210721,-9999,    9
220808,20210722,-9999,    9
220808,20210723,-9999,    9
220808,20210724,-9999,    9
220808,20210725,-9999,    9
220808,20210726,-9999,    9
220808,20210727,-9999,    9
220808,20210728,-9999,    9
220808,20210729,-9999,    9
220808,20210730,-9999,    9
220808,20210731,-9999,    9
220808,20210801,-9999,    9
220808,20210802,-9999,    9
220808,20210803,-9999,    9
220808,20210804,-9999,    9
220808,20210805,-9999,    9
220808,20210806,-9999,    9
220808,20210807,-9999,    9
220808,20210808,-9999,    9
220808,20210809,-9999,    9
220808,20210810,-9999,    9
220808,20210811,-9999,    9
220808,20210812,-9999,    9
220808,20210813,-9999,    9
220808,20210814,-9999,    9
220808,20210815,-9999,    9
220808,20210816,-9999,    9
220808,20210817,-9999,    9
220808,20210818,-9999,    9
220808,20210819,-9999,    9
220808,20210820,-9999,    9
220808,20210821,-9999,    9
220808,20210822,-9999,    9
220808,20210823,-9999,    9
220808,20210824,-9999,    9
220808,20210825,-9999,    9
220808,20210826,-9999,    9
220808,20210827,-9999,    9
220808,20210828,-9999,    9
220808,20210829,-9999,    9
220808,20210830,-9999,    9
220808,20210831,-9999,    9
220808,20210901,-9999,    9
220808,20210902,-9999,    9
220808,20210903,-9999,    9
220808,20210904,-9999,    9
220808,20210905,-9999,    9
220808,20210906,-9999,    9
220808,20210907,-9999,    9
220808,20210908,-9999,    9
220808,20210909,-9999,    9
220808,20210910,-9999,    9
220808,20210911,-9999,    9
220808,20210912,-9999,    9
220808,20210913,-9999,    9
220808,20210914,-9999,    9
220808,20210915,-9999,    9
220808,20210916,-9999,    9
220808,20210917,-9999,    9
220808,20210918,-9999,    9
220808,20210919,-9999,    9
220808,20210920,-9999,    9
220808,20210921,-9999,    9
220808,20210922,-9999,    9
220808,20210923,-9999,    9
220808,20210924,-9999,    9
220808,20210925,-9999,    9
220808,20210926,-9999,    9
220808,20210927,-9999,    9
220808,20210928,-9999,    9
220808,20210929,-9999,    9
220808,20210930,-9999,    9
220808,20211001,-9999,    9
220808,20211002,-9999,    9
220808,20211003,-9999,    9
220808,20211004,-9999,    9
220808,20211005,-9999,    9
220808,20211006,-9999,    9
220808,20211007,-9999,    9
220808,20211008,-9999,    9
220808,20211009,-9999,    9
220808,20211010,-9999,    9
220808,20211011,-9999,    9
220808,20211012,-9999,    9
220808,20211013,-9999,    9
220808,20211014,-9999,    9
220808,20211015,-9999,    9
220808,20211016,-9999,    9
220808,20211017,-9999,    9
220808,20211018,-9999,    9
220808,20211019,-9999,    9
220808,20211020,-9999,    9
220808,20211021,-9999,    9
220808,20211022,-9999,    9
220808,20211023,-9999,    9
220808,20211024,-9999,    9
220808,20211025,-9999,    9
220808,20211026,-9999,    9
220808,20211027,-9999,    9
220808,20211028,-9999,    9
220808,20211029,-9999,    9
220808,20211030,-9999,    9
220808,20211031,-9999,    9
220808,20211101,-9999,    9
220808,20211102,-9999,    9
220808,20211103,-9999,    9
220808,20211104,-9999,    9
220808,20211105,-9999,    9
220808,20211106,-9999,    9
220808,20211107,-9999,    9
220808,20211108,-9999,    9
220808,20211109,-9999,    9
220808,20211110,-9999,    9
220808,20211111,-9999,    9
220808,20211112,-9999,    9
220808,20211113,-9999,    9
220808,20211114,-9999,    9
220808,20211115,-9999,    9
220808,20211116,-9999,    9
220808,20211117,-9999,    9
220808,20211118,-9999,    9
220808,20211119,-9999,    9
220808,20211120,-9999,    9
220808,20211121,-9999,    9
220808,20211122,-9999,    9
220808,20211123,-9999,    9
220808,20211124,-9999,    9
220808,20211125,-9999,    9
220808,20211126,-9999,    9
220808,20211127,-9999,    9
220808,20211128,-9999,    9
220808,20211129,-9999,    9
220808,20211130,-9999,    9
220808,20211201,-9999,    9
220808,20211202,-9999,    9
220808,20211203,-9999,    9
220808,20211204,-9999,    9
220808,20211205,-9999,    9
220808,20211206,-9999,    9
220808,20211207,-9999,    9
220808,20211208,-9999,    9
220808,20211209,-9999,    9
220808,20211210,-9999,    9
220808,20211211,-9999,    9
220808,20211212,-9999,    9
220808,20211213,-9999,    9
220808,20211214,-9999,    9
220808,20211215,-9999,    9
220808,20211216,-9999,    9
220808,20211217,-9999,    9
220808,20211218,-9999,    9
220808,20211219,-9999,    9
220808,20211220,-9999,    9
220808,20211221,-9999,    9
220808,20211222,-9999,    9
220808,20211223,-9999,    9
220808,20211224,-9999,    9
220808,20211225,-9999,    9
220808,20211226,-9999,    9
220808,20211227,-9999,    9
220808,20211228,-9999,    9
220808,20211229,-9999,    9
220808,20211230,-9999,    9
220808,20211231,-9999,    9
220808,20220101,-9999,    9
220808,20220102,-9999,    9
220808,20220103,-9999,    9
220808,20220104,-9999,    9
220808,20220105,-9999,    9
220808,20220106,-9999,    9
220808,20220107,-9999,    9
220808,20220108,-9999,    9
220808,20220109,-9999,    9
220808,20220110,-9999,    9
220808,20220111,-9999,    9
220808,20220112,-9999,    9
220808,20220113,-9999,    9
220808,20220114,-9999,    9
220808,20220115,-9999,    9
220808,20220116,-9999,    9
220808,20220117,-9999,    9
220808,20220118,-9999,    9
220808,20220119,-9999,    9
220808,20220120,-9999,    9
220808,20220121,-9999,    9
220808,20220122,-9999,    9
220808,20220123,-9999,    9
220808,20220124,-9999,    9
220808,20220125,-9999,    9
220808,20220126,-9999,    9
220808,20220127,-9999,    9
220808,20220128,-9999,    9
220808,20220129,-9999,    9
220808,20220130,-9999,    9
220808,20220131,-9999,    9
220808,20220201,-9999,    9
220808,20220202,-9999,    9
220808,20220203,-9999,    9
220808,20220204,-9999,    9
220808,20220205,-9999,    9
220808,20220206,-9999,    9
220808,20220207,-9999,    9
220808,20220208,-9999,    9
220808,20220209,-9999,    9
220808,20220210,-9999,    9
220808,20220211,-9999,    9
220808,20220212,-9999,    9
220808,20220213,-9999,    9
220808,20220214,-9999,    9
220808,20220215,-9999,    9
220808,20220216,-9999,    9
220808,20220217,-9999,    9
220808,20220218,-9999,    9
220808,20220219,-9999,    9
220808,20220220,-9999,    9
220808,20220221,-9999,    9
220808,20220222,-9999,    9
220808,20220223,-9999,    9
220808,20220224,-9999,    9
220808,20220225,-9999,    9
220808,20220226,-9999,    9
220808,20220227,-9999,    9
220808,20220228,-9999,    9
220808,20220301,-9999,    9
220808,20220302,-9999,    9
220808,20220303,-9999,    9
220808,20220304,-9999,    9
220808,20220305,-9999,    9
220808,20220306,-9999,    9
220808,20220307,-9999,    9
220808,20220308,-9999,    9
220808,20220309,-9999,    9
220808,20220310,-9999,    9
220808,20220311,-9999,    9
220808,20220312,-9999,    9
220808,20220313,-9999,    9
220808,20220314,-9999,    9
220808,20220315,-9999,    9
220808,20220316,-9999,    9
220808,20220317,-9999,    9
220808,20220318,-9999,    9
220808,20220319,-9999,    9
220808,20220320,-9999,    9
220808,20220321,-9999,    9
220808,20220322,-9999,    9
220808,20220323,-9999,    9
220808,20220324,-9999,    9
220808,20220325,-9999,    9
220808,20220326,-9999,    9
220808,20220327,-9999,    9
220808,20220328,-9999,    9
220808,20220329,-9999,    9
220808,20220330,-9999,    9
220808,20220331,-9999,    9
220808,20220401,-9999,    9
220808,20220402,-9999,    9
220808,20220403,-9999,    9
220808,20220404,-9999,    9
220808,20220405,-9999,    9
220808,20220406,-9999,    9
220808,20220407,-9999,    9
220808,20220408,-9999,    9
220808,20220409,-9999,    9
220808,20220410,-9999,    9
220808,20220411,-9999,    9
220808,20220412,-9999,    9
220808,20220413,-9999,    9
220808,20220414,-9999,    9
220808,20220415,-9999,    9
220808,20220416,-9999,    9
220808,20220417,-9999,    9
220808,20220418,-9999,    9
220808,20220419,-9999,    9
220808,20220420,-9999,    9
220808,20220421,-9999,    9
220808,20220422,-9999,    9
220808,20220423,-9999,    9
220808,20220424,-9999,    9
220808,20220425,-9999,    9
220808,20220426,-9999,    9
220808,20220427,-9999,    9
220808,20220428,-9999,    9
220808,20220429,-9999,    9
220808,20220430,-9999,    9
220808,20220501,-9999,    9
220808,20220502,-9999,    9
220808,20220503,-9999,    9
220808,20220504,-9999,    9
220808,20220505,-9999,    9
220808,20220506,-9999,    9
220808,20220507,-9999,    9
220808,20220508,-9999,    9
220808,20220509,-9999,    9
220808,20220510,-9999,    9
220808,20220511,-9999,    9
220808,20220512,-9999,    9
220808,20220513,-9999,    9
220808,20220514,-9999,    9
220808,20220515,-9999,    9
220808,20220516,-9999,    9
220808,20220517,-9999,    9
220808,20220518,-9999,    9
220808,20220519,-9999,    9
220808,20220520,-9999,    9
220808,20220521,-9999,    9
220808,20220522,-9999,    9
220808,20220523,-9999,    9
220808,20220524,-9999,    9
220808,20220525,-9999,    9
220808,20220526,-9999,    9
220808,20220527,-9999,    9
220808,20220528,-9999,    9
220808,20220529,-9999,    9
220808,20220530,-9999,    9
220808,20220531,-9999,    9
220808,20220601,-9999,    9
220808,20220602,-9999,    9
220808,20220603,-9999,    9
220808,20220604,-9999,    9
220808,20220605,-9999,    9
220808,20220606,-9999,    9
220808,20220607,-9999,    9
220808,20220608,-9999,    9
220808,20220609,-9999,    9
220808,20220610,-9999,    9
220808,20220611,-9999,    9
220808,20220612,-9999,    9
220808,20220613,-9999,    9
220808,20220614,-9999,    9
220808,20220615,-9999,    9
220808,20220616,-9999,    9
220808,20220617,-9999,    9
220808,20220618,-9999,    9
220808,20220619,-9999,    9
220808,20220620,-9999,    9
220808,20220621,-9999,    9
220808,20220622,-9999,    9
220808,20220623,-9999,    9
220808,20220624,-9999,    9
220808,20220625,-9999,    9
220808,20220626,-9999,    9
220808,20220627,-9999,    9
220808,20220628,-9999,    9
220808,20220629,-9999,    9
220808,20220630,-9999,    9
220808,20220701,-9999,    9
220808,20220702,-9999,    9
220808,20220703,-9999,    9
220808,20220704,-9999,    9
220808,20220705,-9999,    9
220808,20220706,-9999,    9
220808,20220707,-9999,    9
220808,20220708,-9999,    9
220808,20220709,-9999,    9
220808,20220710,-9999,    9
220808,20220711,-9999,    9
220808,20220712,-9999,    9
220808,20220713,-9999,    9
220808,20220714,-9999,    9
220808,20220715,-9999,    9
220808,20220716,-9999,    9
220808,20220717,-9999,    9
220808,20220718,-9999,    9
220808,20220719,-9999,    9
220808,20220720,-9999,    9
220808,20220721,-9999,    9
220808,20220722,-9999,    9
220808,20220723,-9999,    9
220808,20220724,-9999,    9
220808,20220725,-9999,    9
220808,20220726,-9999,    9
220808,20220727,-9999,    9
220808,20220728,-9999,    9
220808,20220729,-9999,    9
220808,20220730,-9999,    9
220808,20220731,-9999,    9
220808,20220801,-9999,    9
220808,20220802,-9999,    9
220808,20220803,-9999,    9
220808,20220804,-9999,    9
220808,20220805,-9999,    9
220808,20220806,-9999,    9
220808,20220807,-9999,    9
220808,20220808,-9999,    9
220808,20220809,-9999,    9
220808,20220810,-9999,    9
220808,20220811,-9999,    9
220808,20220812,-9999,    9
220808,20220813,-9999,    9
220808,20220814,-9999,    9
220808,20220815,-9999,    9
220808,20220816,-9999,    9
220808,20220817,-9999,    9
220808,20220818,-9999,    9
220808,20220819,-9999,    9
220808,20220820,-9999,    9
220808,20220821,-9999,    9
220808,20220822,-9999,    9
220808,20220823,-9999,    9
220808,20220824,-9999,    9
220808,20220825,-9999,    9
220808,20220826,-9999,    9
220808,20220827,-9999,    9
220808,20220828,-9999,    9
220808,20220829,-9999,    9
220808,20220830,-9999,    9
220808,20220831,-9999,    9
220808,20220901,-9999,    9
220808,20220902,-9999,    9
220808,20220903,-9999,    9
220808,20220904,-9999,    9
220808,20220905,-9999,    9
220808,20220906,-9999,    9
220808,20220907,-9999,    9
220808,20220908,-9999,    9
220808,20220909,-9999,    9
220808,20220910,-9999,    9
220808,20220911,-9999,    9
220808,20220912,-9999,    9
220808,20220913,-9999,    9
220808,20220914,-9999,    9
220808,20220915,-9999,    9
220808,20220916,-9999,    9
220808,20220917,-9999,    9
220808,20220918,-9999,    9
220808,20220919,-9999,    9
220808,20220920,-9999,    9
220808,20220921,-9999,    9
220808,20220922,-9999,    9
220808,20220923,-9999,    9
220808,20220924,-9999,    9
220808,20220925,-9999,    9
220808,20220926,-9999,    9
220808,20220927,-9999,    9
220808,20220928,-9999,    9
220808,20220929,-9999,    9
220808,20220930,-9999,    9
220808,20221001,-9999,    9
220808,20221002,-9999,    9
220808,20221003,-9999,    9
220808,20221004,-9999,    9
220808,20221005,-9999,    9
220808,20221006,-9999,    9
220808,20221007,-9999,    9
220808,20221008,-9999,    9
220808,20221009,-9999,    9
220808,20221010,-9999,    9
220808,20221011,-9999,    9
220808,20221012,-9999,    9
220808,20221013,-9999,    9
220808,20221014,-9999,    9
220808,20221015,-9999,    9
220808,20221016,-9999,    9
220808,20221017,-9999,    9
220808,20221018,-9999,    9
220808,20221019,-9999,    9
220808,20221020,-9999,    9
220808,20221021,-9999,    9
220808,20221022,-9999,    9
220808,20221023,-9999,    9
220808,20221024,-9999,    9
220808,20221025,-9999,    9
220808,20221026,-9999,    9
220808,20221027,-9999,    9
220808,20221028,-9999,    9
220808,20221029,-9999,    9
220808,20221030,-9999,    9
220808,20221031,-9999,    9
220808,20221101,-9999,    9
220808,20221102,-9999,    9
220808,20221103,-9999,    9
220808,20221104,-9999,    9
220808,20221105,-9999,    9
220808,20221106,-9999,    9
220808,20221107,-9999,    9
220808,20221108,-9999,    9
220808,20221109,-9999,    9
220808,20221110,-9999,    9
220808,20221111,-9999,    9
220808,20221112,-9999,    9
220808,20221113,-9999,    9
220808,20221114,-9999,    9
220808,20221115,-9999,    9
220808,20221116,-9999,    9
220808,20221117,-9999,    9
220808,20221118,-9999,    9
220808,20221119,-9999,    9
220808,20221120,-9999,    9
220808,20221121,-9999,    9
220808,20221122,-9999,    9
220808,20221123,-9999,    9
220808,20221124,-9999,    9
220808,20221125,-9999,    9
220808,20221126,-9999,    9
220808,20221127,-9999,    9
220808,20221128,-9999,    9
220808,20221129,-9999,    9
220808,20221130,-9999,    9
220808,20221201,-9999,    9
220808,20221202,-9999,    9
220808,20221203,-9999,    9
220808,20221204,-9999,    9
220808,20221205,-9999,    9
220808,20221206,-9999,    9
220808,20221207,-9999,    9
220808,20221208,-9999,    9
220808,20221209,-9999,    9
220808,20221210,-9999,    9
220808,20221211,-9999,    9
220808,20221212,-9999,    9
220808,20221213,-9999,    9
220808,20221214,-9999,    9
220808,20221215,-9999,    9
220808,20221216,-9999,    9
220808,20221217,-9999,    9
220808,20221218,-9999,    9
220808,20221219,-9999,    9
220808,20221220,-9999,    9
220808,20221221,-9999,    9
220808,20221222,-9999,    9
220808,20221223,-9999,    9
220808,20221224,-9999,    9
220808,20221225,-9999,    9
220808,20221226,-9999,    9
220808,20221227,-9999,    9
220808,20221228,-9999,    9
220808,20221229,-9999,    9
220808,20221230,-9999,    9
220808,20221231,-9999,    9
220808,20230101,-9999,    9
220808,20230102,-9999,    9
220808,20230103,-9999,    9
220808,20230104,-9999,    9
220808,20230105,-9999,    9
220808,20230106,-9999,    9
220808,20230107,-9999,    9
220808,20230108,-9999,    9
220808,20230109,-9999,    9
220808,20230110,-9999,    9
220808,20230111,-9999,    9
220808,20230112,-9999,    9
220808,20230113,-9999,    9
220808,20230114,-9999,    9
220808,20230115,-9999,    9
220808,20230116,-9999,    9
220808,20230117,-9999,    9
220808,20230118,-9999,    9
220808,20230119,-9999,    9
220808,20230120,-9999,    9
220808,20230121,-9999,    9
220808,20230122,-9999,    9
220808,20230123,-9999,    9
220808,20230124,-9999,    9
220808,20230125,-9999,    9
220808,20230126,-9999,    9
220808,20230127,-9999,    9
220808,20230128,-9999,    9
220808,20230129,-9999,    9
220808,20230130,-9999,    9
220808,20230131,-9999,    9
220808,20230201,-9999,    9
220808,20230202,-9999,    9
220808,20230203,-9999,    9
220808,20230204,-9999,    9
220808,20230205,-9999,    9
220808,20230206,-9999,    9
220808,20230207,-9999,    9
220808,20230208,-9999,    9
220808,20230209,-9999,    9
220808,20230210,-9999,    9
220808,20230211,-9999,    9
220808,20230212,-9999,    9
220808,20230213,-9999,    9
220808,20230214,-9999,    9
220808,20230215,-9999,    9
220808,20230216,-9999,    9
220808,20230217,-9999,    9
220808,20230218,-9999,    9
220808,20230219,-9999,    9
220808,20230220,-9999,    9
220808,20230221,-9999,    9
220808,20230222,-9999,    9
220808,20230223,-9999,    9
220808,20230224,-9999,    9
220808,20230225,-9999,    9
220808,20230226,-9999,    9
220808,20230227,-9999,    9
220808,20230228,-9999,    9
220808,20230301,-9999,    9
220808,20230302,-9999,    9
220808,20230303,-9999,    9
220808,20230304,-9999,    9
220808,20230305,-9999,    9
220808,20230306,-9999,    9
220808,20230307,-9999,    9
220808,20230308,-9999,    9
220808,20230309,-9999,    9
220808,20230310,-9999,    9
220808,20230311,-9999,    9
220808,20230312,-9999,    9
220808,20230313,-9999,    9
220808,20230314,-9999,    9
220808,20230315,-9999,    9
220808,20230316,-9999,    9
220808,20230317,-9999,    9
220808,20230318,-9999,    9
220808,20230319,-9999,    9
220808,20230320,-9999,    9
220808,20230321,-9999,    9
220808,20230322,-9999,    9
220808,20230323,-9999,    9
220808,20230324,-9999,    9
220808,20230325,-9999,    9
220808,20230326,-9999,    9
220808,20230327,-9999,    9
220808,20230328,-9999,    9
220808,20230329,-9999,    9
220808,20230330,-9999,    9
220808,20230331,-9999,    9
220808,20230401,-9999,    9
220808,20230402,-9999,    9
220808,20230403,-9999,    9
220808,20230404,-9999,    9
220808,20230405,-9999,    9
220808,20230406,-9999,    9
220808,20230407,-9999,    9
220808,20230408,-9999,    9
220808,20230409,-9999,    9
220808,20230410,-9999,    9
220808,20230411,-9999,    9
220808,20230412,-9999,    9
220808,20230413,-9999,    9
220808,20230414,-9999,    9
220808,20230415,-9999,    9
220808,20230416,-9999,    9
220808,20230417,-9999,    9
220808,20230418,-9999,    9
220808,20230419,-9999,    9
220808,20230420,-9999,    9
220808,20230421,-9999,    9
220808,20230422,-9999,    9
220808,20230423,-9999,    9
220808,20230424,-9999,    9
220808,20230425,-9999,    9
220808,20230426,-9999,    9
220808,20230427,-9999,    9
220808,20230428,-9999,    9
220808,20230429,-9999,    9
220808,20230430,-9999,    9
220808,20230501,-9999,    9
220808,20230502,-9999,    9
220808,20230503,-9999,    9
220808,20230504,-9999,    9
220808,20230505,-9999,    9
220808,20230506,-9999,    9
220808,20230507,-9999,    9
220808,20230508,-9999,    9
220808,20230509,-9999,    9
220808,20230510,-9999,    9
220808,20230511,-9999,    9
220808,20230512,-9999,    9
220808,20230513,-9999,    9
220808,20230514,-9999,    9
220808,20230515,-9999,    9
220808,20230516,-9999,    9
220808,20230517,-9999,    9
220808,20230518,-9999,    9
220808,20230519,-9999,    9
220808,20230520,-9999,    9
220808,20230521,-9999,    9
220808,20230522,-9999,    9
220808,20230523,-9999,    9
220808,20230524,-9999,    9
220808,20230525,-9999,    9
220808,20230526,-9999,    9
220808,20230527,-9999,    9
220808,20230528,-9999,    9
220808,20230529,-9999,    9
220808,20230530,-9999,    9
220808,20230531,-9999,    9
220808,20230601,-9999,    9
220808,20230602,-9999,    9
220808,20230603,-9999,    9
220808,20230604,-9999,    9
220808,20230605,-9999,    9
220808,20230606,-9999,    9
220808,20230607,-9999,    9
220808,20230608,-9999,    9
220808,20230609,-9999,    9
220808,20230610,-9999,    9
220808,20230611,-9999,    9
220808,20230612,-9999,    9
220808,20230613,-9999,    9
220808,20230614,-9999,    9
220808,20230615,-9999,    9
220808,20230616,-9999,    9
220808,20230617,-9999,    9
220808,20230618,-9999,    9
220808,20230619,-9999,    9
220808,20230620,-9999,    9
220808,20230621,-9999,    9
220808,20230622,-9999,    9
220808,20230623,-9999,    9
220808,20230624,-9999,    9
220808,20230625,-9999,    9
220808,20230626,-9999,    9
220808,20230627,-9999,    9
220808,20230628,-9999,    9
220808,20230629,-9999,    9
220808,20230630,-9999,    9
220808,20230701,-9999,    9
220808,20230702,-9999,    9
220808,20230703,-9999,    9
220808,20230704,-9999,    9
220808,20230705,-9999,    9
220808,20230706,-9999,    9
220808,20230707,-9999,    9
220808,20230708,-9999,    9
220808,20230709,-9999,    9
220808,20230710,-9999,    9
220808,20230711,-9999,    9
220808,20230712,-9999,    9
220808,20230713,-9999,    9
220808,20230714,-9999,    9
220808,20230715,-9999,    9
220808,20230716,-9999,    9
220808,20230717,-9999,    9
220808,20230718,-9999,    9
220808,20230719,-9999,    9
220808,20230720,-9999,    9
220808,20230721,-9999,    9
220808,20230722,-9999,    9
220808,20230723,-9999,    9
220808,20230724,-9999,    9
220808,20230725,-9999,    9
220808,20230726,-9999,    9
220808,20230727,-9999,    9
220808,20230728,-9999,    9
220808,20230729,-9999,    9
220808,20230730,-9999,    9
220808,20230731,-9999,    9
220808,20230801,-9999,    9
220808,20230802,-9999,    9
220808,20230803,-9999,    9
220808,20230804,-9999,    9
220808,20230805,-9999,    9
220808,20230806,-9999,    9
220808,20230807,-9999,    9
220808,20230808,-9999,    9
220808,20230809,-9999,    9
220808,20230810,-9999,    9
220808,20230811,-9999,    9
220808,20230812,-9999,    9
220808,20230813,-9999,    9
220808,20230814,-9999,    9
220808,20230815,-9999,    9
220808,20230816,-9999,    9
220808,20230817,-9999,    9
220808,20230818,-9999,    9
220808,20230819,-9999,    9
220808,20230820,-9999,    9
220808,20230821,-9999,    9
220808,20230822,-9999,    9
220808,20230823,-9999,    9
220808,20230824,-9999,    9
220808,20230825,-9999,    9
220808,20230826,-9999,    9
220808,20230827,-9999,    9
220808,20230828,-9999,    9
220808,20230829,-9999,    9
220808,20230830,-9999,    9
220808,20230831,-9999,    9
220808,20230901,-9999,    9
220808,20230902,-9999,    9
220808,20230903,-9999,    9
220808,20230904,-9999,    9
220808,20230905,-9999,    9
220808,20230906,-9999,    9
220808,20230907,-9999,    9
220808,20230908,-9999,    9
220808,20230909,-9999,    9
220808,20230910,-9999,    9
220808,20230911,-9999,    9
220808,20230912,-9999,    9
220808,20230913,-9999,    9
220808,20230914,-9999,    9
220808,20230915,-9999,    9
220808,20230916,-9999,    9
220808,20230917,-9999,    9
220808,20230918,-9999,    9
220808,20230919,-9999,    9
220808,20230920,-9999,    9
220808,20230921,-9999,    9
220808,20230922,-9999,    9
220808,20230923,-9999,    9
220808,20230924,-9999,    9
220808,20230925,-9999,    9
220808,20230926,-9999,    9
220808,20230927,-9999,    9
220808,20230928,-9999,    9
220808,20230929,-9999,    9
220808,20230930,-9999,    9
220808,20231001,-9999,    9
220808,20231002,-9999,    9
220808,20231003,-9999,    9
220808,20231004,-9999,    9
220808,20231005,-9999,    9
220808,20231006,-9999,    9
220808,20231007,-9999,    9
220808,20231008,-9999,    9
220808,20231009,-9999,    9
220808,20231010,-9999,    9
220808,20231011,-9999,    9
220808,20231012,-9999,    9
220808,20231013,-9999,    9
220808,20231014,-9999,    9
220808,20231015,-9999,    9
220808,20231016,-9999,    9
220808,20231017,-9999,    9
220808,20231018,-9999,    9
220808,20231019,-9999,    9
220808,20231020,-9999,    9
220808,20231021,-9999,    9
220808,20231022,-9999,    9
220808,20231023,-9999,    9
220808,20231024,-9999,    9
220808,20231025,-9999,    9
220808,20231026,-9999,    9
220808,20231027,-9999,    9
220808,20231028,-9999,    9
220808,20231029,-9999,    9
220808,20231030,-9999,    9
220808,20231031,-9999,    9
220808,20231101,-9999,    9
220808,20231102,-9999,    9
220808,20231103,-9999,    9
220808,20231104,-9999,    9
220808,20231105,-9999,    9
220808,20231106,-9999,    9
220808,20231107,-9999,    9
220808,20231108,-9999,    9
220808,20231109,-9999,    9
220808,20231110,-9999,    9
220808,20231111,-9999,    9
220808,20231112,-9999,    9
220808,20231113,-9999,    9
220808,20231114,-9999,    9
220808,20231115,-9999,    9
220808,20231116,-9999,    9
220808,20231117,-9999,    9
220808,20231118,-9999,    9
220808,20231119,-9999,    9
220808,20231120,-9999,    9
220808,20231121,-9999,    9
220808,20231122,-9999,    9
220808,20231123,-9999,    9
220808,20231124,-9999,    9
220808,20231125,-9999,    9
220808,20231126,-9999,    9
220808,20231127,-9999,    9
220808,20231128,-9999,    9
220808,20231129,-9999,    9
220808,20231130,-9999,    9
